{
    "collisionFloor": {
        "bouncePower": 0.2199999988079071,
        "elevation": 0.0
    },
    "common": {
        "alphaDeltaValue": 0.0,
        "emitInterval": 5.579999923706055,
        "emitNum": 1000,
        "emitPositionFixed": {
            "x": -12.529999732971191,
            "y": 7.869999885559082,
            "z": 8.010000228881836
        },
        "emitterLifeTime": 0.0,
        "particleLifeTime": 8.0,
        "scaleDelayTime": 3.7100000381469727,
        "scaleFixed": {
            "x": 0.10000000149011612,
            "y": 0.10000000149011612,
            "z": 1.0
        },
        "velocityFixed": {
            "x": 0.0,
            "y": 0.0,
            "z": 0.0
        }
    },
    "flags": {
        "enableCollisionFloor": false,
        "enableRandomEmit": false,
        "enableRandomRotation": false,
        "enableRandomScale": false,
        "enableRandomVelocity": true,
        "enableScaleTransition": true,
        "velocityDistribution": 1
    },
    "name": "Firework",
    "physics": {
        "frictionCoef": 0.9100000262260437,
        "gravity": {
            "x": 0.0,
            "y": 0.0,
            "z": 0.0
        },
        "resistance": {
            "x": 0.0,
            "y": 0.0,
            "z": 0.0
        }
    },
    "ranges": {
        "color": {
            "end": {
                "w": 1.0,
                "x": 0.9775129556655884,
                "y": 0.40784311294555664,
                "z": 1.0
            },
            "start": {
                "w": 1.0,
                "x": 0.6196078658103943,
                "y": 1.0,
                "z": 0.40784314274787903
            }
        },
        "position": {
            "end": {
                "x": 0.0,
                "y": 0.0,
                "z": 0.0
            },
            "start": {
                "x": 0.0,
                "y": 0.0,
                "z": 0.0
            }
        },
        "rotationRandom": {
            "end": {
                "x": 0.0,
                "y": 0.0,
                "z": 0.0
            },
            "start": {
                "x": 0.0,
                "y": 0.0,
                "z": 0.0
            }
        },
        "scale": {
            "end": {
                "x": 0.0,
                "y": 0.0,
                "z": 0.0
            },
            "start": {
                "x": 0.10000000149011612,
                "y": 0.10000000149011612,
                "z": 1.0
            }
        },
        "scaleRandom": {
            "end": {
                "x": 0.0,
                "y": 0.0,
                "z": 0.0
            },
            "start": {
                "x": 0.0,
                "y": 0.0,
                "z": 0.0
            }
        },
        "velocityRandom": {
            "end": {
                "x": -3.0,
                "y": -3.0,
                "z": -3.0
            },
            "start": {
                "x": 3.0,
                "y": 3.0,
                "z": 3.0
            }
        },
        "velocityRandomSphere": {
            "end": 1.8899999856948853,
            "start": 1.3600000143051147
        }
    },
    "version": 3
}
