{
    "common": {
        "alphaDeltaValue": 0.0,
        "emitInterval": 0.20000000298023224,
        "emitNum": 7,
        "emitPositionFixed": {
            "x": 0.0,
            "y": 3.0199999809265137,
            "z": 0.0
        },
        "emitterLifeTime": 0.0,
        "particleLifeTime": 11.0,
        "scaleDelayTime": 0.0,
        "scaleFixed": {
            "x": 0.05000000074505806,
            "y": 0.05000000074505806,
            "z": 1.0
        },
        "velocityFixed": {
            "x": 0.0,
            "y": -11.119999885559082,
            "z": 0.0
        }
    },
    "flags": {
        "enableRandomEmit": true,
        "enableRandomRotation": false,
        "enableRandomScale": false,
        "enableRandomVelocity": true,
        "enableScaleTransition": false
    },
    "name": "Snow",
    "physics": {
        "gravity": {
            "x": 0.0,
            "y": -0.3700000047683716,
            "z": 0.0
        },
        "resistance": {
            "x": 0.0,
            "y": 0.0,
            "z": 0.0
        }
    },
    "ranges": {
        "color": {
            "end": {
                "w": 0.0,
                "x": 1.0,
                "y": 1.0,
                "z": 1.0
            },
            "start": {
                "w": 1.0,
                "x": 1.0,
                "y": 1.0,
                "z": 1.0
            }
        },
        "position": {
            "end": {
                "x": -3.4200000762939453,
                "y": 7.260000228881836,
                "z": -12.84000015258789
            },
            "start": {
                "x": 8.630000114440918,
                "y": 8.350000381469727,
                "z": 8.989999771118164
            }
        },
        "rotationRandom": {
            "end": {
                "x": 0.0,
                "y": 0.0,
                "z": 0.0
            },
            "start": {
                "x": 0.0,
                "y": 0.0,
                "z": 0.0
            }
        },
        "scale": {
            "end": {
                "x": 0.0,
                "y": 0.0,
                "z": 0.0
            },
            "start": {
                "x": 0.0,
                "y": 0.0,
                "z": 0.0
            }
        },
        "scaleRandom": {
            "end": {
                "x": 0.05000000074505806,
                "y": 0.05000000074505806,
                "z": 0.0
            },
            "start": {
                "x": 0.10000000149011612,
                "y": 0.009999999776482582,
                "z": 0.0
            }
        },
        "velocityRandom": {
            "end": {
                "x": 0.0,
                "y": 0.0,
                "z": 0.0
            },
            "start": {
                "x": 0.0,
                "y": -6.070000171661377,
                "z": 0.0
            }
        }
    },
    "version": 2
}
