{
    "collisionFloor": {
        "bouncePower": 0.4300000071525574,
        "elevation": 0.0
    },
    "common": {
        "alphaDeltaValue": 0.0,
        "emitInterval": 0.019999999552965164,
        "emitNum": 20,
        "emitPositionFixed": {
            "x": 0.0,
            "y": 1.4800000190734863,
            "z": 11.300000190734863
        },
        "emitterLifeTime": 0.0,
        "particleLifeTime": 7.199999809265137,
        "scaleDelayTime": 0.0,
        "scaleFixed": {
            "x": 0.4300000071525574,
            "y": 0.5199999809265137,
            "z": 1.0
        },
        "velocityFixed": {
            "x": 0.0,
            "y": 0.0,
            "z": 0.0
        }
    },
    "flags": {
        "enableCollisionFloor": true,
        "enableRandomEmit": false,
        "enableRandomRotation": false,
        "enableRandomScale": false,
        "enableRandomVelocity": true,
        "enableScaleTransition": true
    },
    "name": "Spark",
    "physics": {
        "frictionCoef": 0.6800000071525574,
        "gravity": {
            "x": 0.0,
            "y": -6.460000038146973,
            "z": 0.0
        },
        "resistance": {
            "x": 0.0,
            "y": 0.0,
            "z": 0.0
        }
    },
    "ranges": {
        "color": {
            "end": {
                "w": 1.0,
                "x": 0.9578059315681458,
                "y": 0.32796525955200195,
                "z": 0.0848688930273056
            },
            "start": {
                "w": 1.0,
                "x": 1.0,
                "y": 0.8579287528991699,
                "z": 0.6793248653411865
            }
        },
        "position": {
            "end": {
                "x": 0.0,
                "y": 0.0,
                "z": 0.0
            },
            "start": {
                "x": 0.0,
                "y": 0.0,
                "z": 0.0
            }
        },
        "rotationRandom": {
            "end": {
                "x": 0.0,
                "y": 0.0,
                "z": 0.0
            },
            "start": {
                "x": 0.0,
                "y": 0.0,
                "z": 0.0
            }
        },
        "scale": {
            "end": {
                "x": 0.0,
                "y": 0.0,
                "z": 1.0
            },
            "start": {
                "x": 0.10000000149011612,
                "y": 0.10000000149011612,
                "z": 1.0
            }
        },
        "scaleRandom": {
            "end": {
                "x": 0.0,
                "y": 0.0,
                "z": 0.0
            },
            "start": {
                "x": 0.0,
                "y": 0.0,
                "z": 0.0
            }
        },
        "velocityRandom": {
            "end": {
                "x": 2.4200000762939453,
                "y": 2.5799999237060547,
                "z": 1.3200000524520874
            },
            "start": {
                "x": 4.71999979019165,
                "y": 4.400000095367432,
                "z": -1.2999999523162842
            }
        }
    },
    "version": 3
}
