{
    "common": {
        "alphaDeltaValue": 0.0,
        "emitInterval": 0.019999999552965164,
        "emitNum": 1,
        "emitPositionFixed": {
            "x": 0.0,
            "y": 1.399999976158142,
            "z": 8.390000343322754
        },
        "emitterLifeTime": 0.0,
        "particleLifeTime": 10.0,
        "scaleDelayTime": 0.5400000214576721,
        "scaleFixed": {
            "x": 1.5,
            "y": 1.5,
            "z": 1.0
        },
        "velocityFixed": {
            "x": 0.0,
            "y": 0.0,
            "z": 0.0
        }
    },
    "flags": {
        "enableRandomEmit": true,
        "enableRandomRotation": false,
        "enableRandomScale": false,
        "enableRandomVelocity": false,
        "enableScaleTransition": false
    },
    "name": "Stars",
    "physics": {
        "gravity": {
            "x": 0.0,
            "y": 0.0,
            "z": 0.0
        },
        "resistance": {
            "x": 0.0,
            "y": 0.0,
            "z": 0.0
        }
    },
    "ranges": {
        "color": {
            "end": {
                "w": 0.0,
                "x": 1.0,
                "y": 1.0,
                "z": 1.0
            },
            "start": {
                "w": 1.0,
                "x": 1.0,
                "y": 0.8916839957237244,
                "z": 0.3417721390724182
            }
        },
        "position": {
            "end": {
                "x": 1000.0,
                "y": 200.0,
                "z": 1000.0
            },
            "start": {
                "x": -1000.0,
                "y": 200.0,
                "z": -1000.0
            }
        },
        "rotationRandom": {
            "end": {
                "x": 0.0,
                "y": 0.0,
                "z": 1.5700000524520874
            },
            "start": {
                "x": 0.0,
                "y": 0.0,
                "z": -1.5700000524520874
            }
        },
        "scale": {
            "end": {
                "x": 0.0,
                "y": 0.0,
                "z": 1.0
            },
            "start": {
                "x": 0.05000000074505806,
                "y": 1.0,
                "z": 1.0
            }
        },
        "scaleRandom": {
            "end": {
                "x": 2.619999885559082,
                "y": 3.0,
                "z": 1.0
            },
            "start": {
                "x": 0.05000000074505806,
                "y": 0.05000000074505806,
                "z": 1.0
            }
        },
        "velocityRandom": {
            "end": {
                "x": 0.0,
                "y": 0.0,
                "z": 0.0
            },
            "start": {
                "x": 0.0,
                "y": 0.0,
                "z": 0.0
            }
        }
    },
    "version": 2
}
