{
    "collisionFloor": {
        "bouncePower": 0.2199999988079071,
        "elevation": 0.0
    },
    "common": {
        "alphaDeltaValue": 0.0,
        "emitInterval": 6.820000171661377,
        "emitNum": 1000,
        "emitPositionFixed": {
            "x": 0.0,
            "y": 0.30000001192092896,
            "z": 0.0
        },
        "emitterLifeTime": 0.0,
        "particleLifeTime": 5.300000190734863,
        "scaleDelayTime": 4.75,
        "scaleFixed": {
            "x": 0.10000000149011612,
            "y": 0.10000000149011612,
            "z": 1.0
        },
        "velocityFixed": {
            "x": 0.0,
            "y": 0.0,
            "z": 0.0
        }
    },
    "flags": {
        "enableCollisionFloor": true,
        "enableRandomEmit": false,
        "enableRandomRotation": false,
        "enableRandomScale": false,
        "enableRandomVelocity": true,
        "enableScaleTransition": true,
        "velocityDistribution": 0
    },
    "name": "HitParticle",
    "physics": {
        "frictionCoef": 0.9100000262260437,
        "gravity": {
            "x": 0.0,
            "y": -9.510000228881836,
            "z": 0.0
        },
        "resistance": {
            "x": 0.0,
            "y": 0.0,
            "z": 0.0
        }
    },
    "ranges": {
        "color": {
            "end": {
                "w": 1.0,
                "x": 0.6196078658103943,
                "y": 1.0,
                "z": 0.40784314274787903
            },
            "start": {
                "w": 1.0,
                "x": 0.6196078658103943,
                "y": 1.0,
                "z": 0.40784314274787903
            }
        },
        "position": {
            "end": {
                "x": 0.0,
                "y": 0.0,
                "z": 0.0
            },
            "start": {
                "x": 0.0,
                "y": 0.0,
                "z": 0.0
            }
        },
        "rotationRandom": {
            "end": {
                "x": 0.0,
                "y": 0.0,
                "z": 0.0
            },
            "start": {
                "x": 0.0,
                "y": 0.0,
                "z": 0.0
            }
        },
        "scale": {
            "end": {
                "x": 0.0,
                "y": 0.0,
                "z": 0.0
            },
            "start": {
                "x": 0.10000000149011612,
                "y": 0.10000000149011612,
                "z": 1.0
            }
        },
        "scaleRandom": {
            "end": {
                "x": 0.0,
                "y": 0.0,
                "z": 0.0
            },
            "start": {
                "x": 0.0,
                "y": 0.0,
                "z": 0.0
            }
        },
        "velocityRandom": {
            "end": {
                "x": -3.0,
                "y": -3.0,
                "z": -3.0
            },
            "start": {
                "x": 3.0,
                "y": 3.0,
                "z": 3.0
            }
        },
        "velocityRandomSphere": {
            "end": 0.0,
            "start": 0.0
        }
    },
    "version": 3
}
