{
    "collisionFloor": {
        "bouncePower": 0.10999999940395355,
        "elevation": 0.0
    },
    "common": {
        "alphaDeltaValue": 0.0,
        "emitInterval": 0.20000000298023224,
        "emitNum": 39,
        "emitPositionFixed": {
            "x": 0.0,
            "y": 3.0199999809265137,
            "z": 0.0
        },
        "emitterLifeTime": 0.0,
        "particleLifeTime": 3.0999999046325684,
        "scaleDelayTime": 0.0,
        "scaleFixed": {
            "x": 0.05000000074505806,
            "y": 0.05000000074505806,
            "z": 1.0
        },
        "velocityFixed": {
            "x": 0.0,
            "y": -11.119999885559082,
            "z": 0.0
        }
    },
    "flags": {
        "enableCollisionFloor": true,
        "enableRandomEmit": true,
        "enableRandomRotation": false,
        "enableRandomScale": false,
        "enableRandomVelocity": true,
        "enableScaleTransition": false
    },
    "name": "Rain",
    "physics": {
        "frictionCoef": 0.0,
        "gravity": {
            "x": 0.0,
            "y": -2.140000104904175,
            "z": 0.0
        },
        "resistance": {
            "x": 0.0,
            "y": 0.0,
            "z": 0.0
        }
    },
    "ranges": {
        "color": {
            "end": {
                "w": 1.0,
                "x": 0.0,
                "y": 0.12946653366088867,
                "z": 0.852320671081543
            },
            "start": {
                "w": 1.0,
                "x": 0.0,
                "y": 0.13331228494644165,
                "z": 0.8776371479034424
            }
        },
        "position": {
            "end": {
                "x": -3.4200000762939453,
                "y": 7.260000228881836,
                "z": -12.84000015258789
            },
            "start": {
                "x": -15.869999885559082,
                "y": 8.350000381469727,
                "z": 8.989999771118164
            }
        },
        "rotationRandom": {
            "end": {
                "x": 0.0,
                "y": 0.0,
                "z": 0.0
            },
            "start": {
                "x": 0.0,
                "y": 0.0,
                "z": 0.0
            }
        },
        "scale": {
            "end": {
                "x": 0.0,
                "y": 0.0,
                "z": 0.0
            },
            "start": {
                "x": 0.0,
                "y": 0.0,
                "z": 0.0
            }
        },
        "scaleRandom": {
            "end": {
                "x": 0.05000000074505806,
                "y": 0.05000000074505806,
                "z": 0.0
            },
            "start": {
                "x": 0.10000000149011612,
                "y": 0.009999999776482582,
                "z": 0.0
            }
        },
        "velocityRandom": {
            "end": {
                "x": 0.0,
                "y": -8.359999656677246,
                "z": 0.0
            },
            "start": {
                "x": 0.0,
                "y": -3.4600000381469727,
                "z": 0.0
            }
        }
    },
    "version": 3
}
