{
    "version": 2,
    "common": {
        "alphaDeltaValue": 0.0,
        "emitInterval": 0.019999999552965164,
        "emitNum": 50,
        "emitPositionFixed": {
            "x": 0.0,
            "y": 0.0,
            "z": 0.0
        },
        "emitterLifeTime": 0.0,
        "particleLifeTime": 2.0,
        "scaleDelayTime": 0.0,
        "scaleFixed": {
            "x": 0.10000000149011612,
            "y": 0.10000000149011612,
            "z": 0.10000000149011612
        },
        "velocityFixed": {
            "x": 0.0,
            "y": 1.0,
            "z": 0.0
        }
    },
    "flags": {
        "enableRandomEmit": false,
        "enableRandomRotation": false,
        "enableRandomScale": false,
        "enableRandomVelocity": true,
        "enableScaleTransition": true
    },
    "name": "Smoke",
    "physics": {
        "gravity": {
            "x": 0.0,
            "y": 0.0,
            "z": 0.0
        },
        "resistance": {
            "x": 0.75,
            "y": 0.0,
            "z": 0.0
        }
    },
    "ranges": {
        "color": {
            "end": {
                "w": 0.0,
                "x": 0.36862701177597046,
                "y": 0.36862701177597046,
                "z": 0.36862701177597046
            },
            "start": {
                "w": 1.0,
                "x": 0.8941180109977722,
                "y": 0.8941180109977722,
                "z": 0.8941180109977722
            }
        },
        "position": {
            "end": {
                "x": 0.0,
                "y": 0.0,
                "z": 0.0
            },
            "start": {
                "x": 0.0,
                "y": 0.0,
                "z": 0.0
            }
        },
        "rotationRandom": {
            "end": {
                "x": 0.0,
                "y": 0.0,
                "z": 0.0
            },
            "start": {
                "x": 0.0,
                "y": 0.0,
                "z": 0.0
            }
        },
        "scale": {
            "end": {
                "x": 0.17000000178813934,
                "y": 0.17000000178813934,
                "z": 0.10000000149011612
            },
            "start": {
                "x": 0.0,
                "y": 0.0,
                "z": 0.0
            }
        },
        "scaleRandom": {
            "end": {
                "x": 0.10000000149011612,
                "y": 0.10000000149011612,
                "z": 1.0
            },
            "start": {
                "x": 0.009999999776482582,
                "y": 0.009999999776482582,
                "z": 1.0
            }
        },
        "velocityRandom": {
            "end": {
                "x": 0.019999999552965164,
                "y": 0.6000000238418579,
                "z": 0.30000001192092896
            },
            "start": {
                "x": 0.33000001311302185,
                "y": 0.800000011920929,
                "z": -0.30000001192092896
            }
        }
    }
}
